{
  "users": [
    {
      "id": "d9bf",
      "firstName": "sreff",
      "lastName": "naranjo",
      "email": "gabcruzm1@gmail.com",
      "password": "steffany768",
      "phone": "3124789173",
      "registrationDate": "2024-09-18T19:01:39.465Z"
    },
    {
      "id": "61e4",
      "firstName": "steff",
      "lastName": "naranjo",
      "email": "gabcruzm1@gmail.com",
      "password": "fgadfsga",
      "phone": "3124789173",
      "registrationDate": "2024-09-18T19:08:58.359Z"
    }
  ]
}